Rango,Precisión General,Matriz de Confusión,Instancias Totales,Precisión por Clase.AR,Precisión por Clase.NO AR,Precisión por Clase.macro avg,Precisión por Clase.weighted avg,Recall por Clase.AR,Recall por Clase.NO AR,Recall por Clase.macro avg,Recall por Clase.weighted avg,F1 por Clase.AR,F1 por Clase.NO AR,F1 por Clase.macro avg,F1 por Clase.weighted avg
Media,0.875,"[[87, 5], [17, 67]]",176,0.8365384615384616,0.9305555555555556,0.8835470085470085,0.8814102564102565,0.9456521739130435,0.7976190476190477,0.8716356107660456,0.875,0.8877551020408163,0.8589743589743589,0.8733647305075876,0.8740188383045525
Rango_menos1,0.9005524861878453,"[[86, 0], [18, 77]]",181,0.8269230769230769,1.0,0.9134615384615384,0.9177645558861028,1.0,0.8105263157894737,0.9052631578947368,0.9005524861878453,0.9052631578947369,0.8953488372093024,0.9003059975520196,0.9000595089161939
Rango_menos2,0.8722222222222222,"[[79, 16], [7, 78]]",180,0.9186046511627907,0.8297872340425532,0.874195942602672,0.876663093078234,0.8315789473684211,0.9176470588235294,0.8746130030959752,0.8722222222222222,0.8729281767955801,0.8715083798882681,0.8722182783419241,0.872257717144905
Rango_1,0.8971428571428571,"[[83, 0], [18, 74]]",175,0.8217821782178217,1.0,0.9108910891089108,0.9154738330975956,1.0,0.8043478260869565,0.9021739130434783,0.8971428571428571,0.9021739130434783,0.891566265060241,0.8968700890518596,0.8965973209608621
Rango_2,0.8539325842696629,"[[72, 16], [10, 80]]",178,0.8780487804878049,0.8333333333333334,0.8556910569105691,0.8554398465332967,0.8181818181818182,0.8888888888888888,0.8535353535353536,0.8539325842696629,0.8470588235294118,0.8602150537634409,0.8536369386464263,0.8537108500522355
Rango_3,0.8994082840236687,"[[73, 13], [4, 79]]",169,0.948051948051948,0.8586956521739131,0.9033738001129306,0.904166903330783,0.8488372093023255,0.9518072289156626,0.9003222191089941,0.8994082840236687,0.8957055214723927,0.9028571428571428,0.8992813321647677,0.8992178562353172
